{
    "targetTypes": {
        "ChangeItemRevision": {
            "sourceTypes": {
                "ItemRevision": {
                    "handler": "defaultObjectPasteHandler"
                }
            }
        },
        "DocumentRevision": {
            "sourceTypes": {
                "Dataset": {
                    "handler": "defaultObjectPasteHandler"
                }
            }
        },
        "Folder": {
            "sourceTypes": {
                "BusinessObject": {
                    "handler": "defaultObjectPasteHandler"
                }
            }
        },
        "Item": {
            "sourceTypes": {
                "Dataset": {
                    "handler": "defaultObjectPasteHandler"
                }
            }
        },
        "ItemRevision": {
            "sourceTypes": {
                "Dataset": {
                    "handler": "defaultObjectPasteHandler"
                },
                "DocumentRevision": {
                    "handler": "defaultObjectPasteHandler"
                }
            }
        }
    }
}