<?xml version="1.0" encoding="UTF-8"?>
<!DOCTYPE ui:UiBinder SYSTEM "http://dl.google.com/gwt/DTD/xhtml.ent">
<!-- 
// @<COPYRIGHT>@
// ==================================================
// Copyright 2015.
// Siemens Product Lifecycle Management Software Inc.
// All Rights Reserved.
// ==================================================
// @<COPYRIGHT>@
-->
<!-- UiBinder definition for the Default Panel -->
<ui:UiBinder xmlns:ui="urn:ui:com.google.gwt.uibinder"
    xmlns:g="urn:import:com.google.gwt.user.client.ui">
    <g:HTMLPanel ui:field="mainPanel" styleName="aw-layout-panel">
        <!-- panel header (optional) -->
        <g:HTMLPanel ui:field="panelTitle" styleName="aw-layout-panelTitle" />
        <div class="aw-layout-panelContent">
            <!-- panel content header (optional) -->
            <g:HTMLPanel ui:field="panelHeader" styleName="aw-layout-panelHeader">
                <!-- usuallt tab controls, back buttons, panel command buttons -->
            </g:HTMLPanel>
            <!-- panel content to this you would add one or more PanelSection -->
            <g:HTMLPanel ui:field="panelBody"
                styleName="aw-layout-panelBody aw-base-scrollPanel" />
            <!-- panel footer (optional) -->
            <g:HTMLPanel ui:field="panelFooter" styleName="aw-layout-panelFooter">
                <!-- usually one or more buttons with a css class of "aw-base-blk-button" -->
            </g:HTMLPanel>
        </div>
    </g:HTMLPanel>
</ui:UiBinder>