<?xml version="1.0" encoding="UTF-8"?>
<!DOCTYPE ui:UiBinder SYSTEM "http://dl.google.com/gwt/DTD/xhtml.ent">
<!-- 
// @<COPYRIGHT>@
// ==================================================
// Copyright 2015.
// Siemens Product Lifecycle Management Software Inc.
// All Rights Reserved.
// ==================================================
// @<COPYRIGHT>@
-->
<ui:UiBinder xmlns:ui="urn:ui:com.google.gwt.uibinder" xmlns:g="urn:import:com.google.gwt.user.client.ui">
    <g:HTMLPanel ui:field="panelSection" styleName="aw-layout-panelSection">
        <!-- panel section title (optional) -->
        <g:label ui:field="panelSectionTitle" styleName="aw-layout-panelSectionTitle" />
        <!-- panel section subtitle (optional) -->
        <g:label ui:field="panelSectionSubTitle" styleName="aw-layout-panelSectionSubTitle" />
        <!-- panel content section content -->
        <g:HTMLPanel ui:field="panelSectionContent" styleName="aw-layout-panelSectionContent">
            <!-- section content goes here -->
        </g:HTMLPanel>
    </g:HTMLPanel>
</ui:UiBinder> 